"BROKEN","EPIC","FAILED","FEATURE","PASSED","SKIPPED","STORY","UNKNOWN"
"0","Renters Quote","0","Coverage Amounts","3","0","Changing a coverage amount reprices the quote","0"
"0","Renters Quote","0","Policy Options","2","0","Toggling an add-on reprices the quote by exactly what it advertises","0"
"0","Renters Quote","0","Payment Plan","1","0","The payment plan composes with every other dimension","0"
"0","Renters Quote","0","Deductible","3","0","A lower deductible costs more and a higher one costs less","0"
"0","Renters Quote","0","Extra Coverage","2","0","Adding and removing extra coverage reprices the quote","0"
"0","Renters Quote","0","Policy Options","1","0","An add-on with a details form applies what was entered","0"
"0","Renters Quote","0","Coverage Amounts","1","0","More coverage should never cost less","0"
"0","Renters Quote","0","Payment Plan","1","0","Switching between monthly and annual billing","0"
"0","Renters Quote","0","Price display","1","0","The hero, sticky header and activation buttons never disagree","0"
"0","Renters Quote","0","Price display","1","0","Switching to annual billing updates every price display","0"
